{
  "test_accuracy": 0.86,
  "mAP50": 0.715993381524754,
  "mAP50-95": 0.4857044379252681,
  "precision": 0.7872004775967388,
  "recall": 0.6195952161913524,
  "f1_score_map_based": 0.6934136239628801,
  "f1_score_cm_based": 0.924731182795699,
  "confusion_matrix": [
    [
      0,
      0
    ],
    [
      28,
      172
    ]
  ],
  "true_negative": 0,
  "false_positive": 0,
  "false_negative": 28,
  "true_positive": 172,
  "auc": 0.8496950593308584
}